ID,class
1,forest
2,forest
3,forest
4,forest
5,forest
6,forest
7,forest
8,forest
9,forest
10,forest
11,forest
12,forest
13,forest
14,forest
15,forest
16,forest
17,forest
18,forest
19,forest
20,forest
21,forest
22,forest
23,forest
24,water
25,water
26,water
27,water
28,forest
29,water
30,water
31,water
32,forest
33,water
34,farm
35,farm
36,forest
37,water
38,water
39,water
40,water
41,farm
42,water
43,water
44,farm
45,water
46,forest
47,water
48,farm
49,water
50,water
51,impervious
52,water
53,farm
54,water
55,water
56,water
57,forest
58,water
59,forest
60,forest
61,water
62,forest
63,impervious
64,water
65,water
66,forest
67,water
68,water
69,water
70,forest
71,water
72,forest
73,water
74,water
75,water
76,forest
77,farm
78,forest
79,forest
80,water
81,water
82,water
83,forest
84,water
85,water
86,water
87,water
88,water
89,water
90,water
91,water
92,water
93,water
94,farm
95,forest
96,water
97,water
98,farm
99,forest
100,water
101,forest
102,forest
103,forest
104,water
105,water
106,impervious
107,water
108,impervious
109,water
110,farm
111,forest
112,water
113,forest
114,water
115,water
116,forest
117,water
118,water
119,water
120,forest
121,forest
122,water
123,water
124,forest
125,impervious
126,impervious
127,forest
128,impervious
129,forest
130,grass
131,forest
132,forest
133,forest
134,farm
135,forest
136,forest
137,forest
138,forest
139,forest
140,forest
141,forest
142,forest
143,impervious
144,grass
145,grass
146,forest
147,forest
148,forest
149,grass
150,forest
151,forest
152,forest
153,forest
154,impervious
155,impervious
156,forest
157,grass
158,forest
159,forest
160,forest
161,forest
162,forest
163,impervious
164,forest
165,grass
166,forest
167,grass
168,forest
169,forest
170,forest
171,forest
172,forest
173,forest
174,grass
175,grass
176,grass
177,forest
178,forest
179,forest
180,forest
181,grass
182,forest
183,forest
184,impervious
185,grass
186,grass
187,forest
188,forest
189,forest
190,impervious
191,forest
192,forest
193,forest
194,forest
195,farm
196,grass
197,forest
198,forest
199,grass
200,forest
201,forest
202,grass
203,forest
204,forest
205,forest
206,impervious
207,impervious
208,forest
209,impervious
210,impervious
211,impervious
212,impervious
213,forest
214,forest
215,forest
216,forest
217,impervious
218,forest
219,forest
220,forest
221,grass
222,forest
223,grass
224,impervious
225,forest
226,impervious
227,grass
228,forest
229,grass
230,impervious
231,forest
232,impervious
233,forest
234,forest
235,forest
236,forest
237,forest
238,forest
239,grass
240,impervious
241,forest
242,forest
243,impervious
244,forest
245,forest
246,forest
247,grass
248,forest
249,forest
250,grass
251,impervious
252,forest
253,grass
254,forest
255,farm
256,grass
257,forest
258,forest
259,forest
260,forest
261,forest
262,forest
263,forest
264,forest
265,grass
266,forest
267,forest
268,forest
269,grass
270,forest
271,forest
272,grass
273,impervious
274,impervious
275,impervious
276,grass
277,forest
278,grass
279,forest
280,impervious
281,forest
282,forest
283,forest
284,forest
285,impervious
286,forest
287,forest
288,forest
289,forest
290,forest
291,impervious
292,forest
293,grass
294,forest
295,forest
296,forest
297,forest
298,forest
299,forest
300,forest
301,forest
302,impervious
303,forest
304,forest
305,forest
306,impervious
307,forest
308,impervious
309,grass
310,impervious
311,forest
312,forest
313,forest
314,forest
315,forest
316,forest
317,forest
318,grass
319,forest
320,forest
321,forest
322,forest
323,grass
324,grass
325,grass
326,grass
327,impervious
328,impervious
329,forest
330,forest
331,forest
332,impervious
333,forest
334,impervious
335,impervious
336,forest
337,forest
338,forest
339,forest
340,forest
341,forest
342,farm
343,grass
344,forest
345,grass
346,forest
347,forest
348,forest
349,forest
350,forest
351,forest
352,forest
353,impervious
354,forest
355,forest
356,forest
357,forest
358,forest
359,forest
360,impervious
361,impervious
362,forest
363,forest
364,forest
365,forest
366,forest
367,impervious
368,forest
369,forest
370,forest
371,forest
372,forest
373,forest
374,forest
375,forest
376,farm
377,grass
378,farm
379,forest
380,impervious
381,forest
382,impervious
383,forest
384,farm
385,grass
386,forest
387,impervious
388,forest
389,forest
390,forest
391,forest
392,forest
393,farm
394,impervious
395,farm
396,grass
397,water
398,forest
399,grass
400,forest
401,grass
402,impervious
403,forest
404,grass
405,forest
406,grass
407,water
408,grass
409,impervious
410,forest
411,grass
412,forest
413,forest
414,forest
415,farm
416,grass
417,grass
418,forest
419,water
420,impervious
421,forest
422,forest
423,forest
424,water
425,farm
426,water
427,forest
428,impervious
429,grass
430,grass
431,forest
432,farm
433,grass
434,grass
435,forest
436,forest
437,grass
438,farm
439,forest
440,forest
441,farm
442,impervious
443,grass
444,forest
445,grass
446,water
447,grass
448,forest
449,farm
450,impervious
451,forest
452,forest
453,impervious
454,farm
455,forest
456,impervious
457,impervious
458,grass
459,impervious
460,grass
461,grass
462,impervious
463,forest
464,impervious
465,impervious
466,grass
467,forest
468,grass
469,farm
470,grass
471,grass
472,forest
473,forest
474,farm
475,forest
476,forest
477,forest
478,impervious
479,impervious
480,forest
481,grass
482,forest
483,impervious
484,impervious
485,water
486,farm
487,grass
488,grass
489,farm
490,forest
491,forest
492,farm
493,impervious
494,water
495,forest
496,impervious
497,forest
498,water
499,forest
500,grass
501,forest
502,impervious
503,forest
504,grass
505,forest
506,forest
507,forest
508,forest
509,grass
510,grass
511,forest
512,forest
513,grass
514,forest
515,water
516,forest
517,impervious
518,forest
519,forest
520,forest
521,grass
522,grass
523,water
524,grass
525,grass
526,farm
527,grass
528,impervious
529,farm
530,forest
531,forest
532,impervious
533,forest
534,forest
535,forest
536,impervious
537,forest
538,forest
539,forest
540,forest
541,forest
542,grass
543,grass
544,forest
545,grass
546,grass
547,impervious
548,forest
549,impervious
550,grass
551,forest
552,impervious
553,forest
554,forest
555,grass
556,forest
557,grass
558,forest
559,forest
560,impervious
561,grass
562,forest
563,impervious
564,forest
565,grass
566,grass
567,forest
568,grass
569,grass
570,farm
571,forest
572,farm
573,forest
574,impervious
575,impervious
576,farm
577,grass
578,farm
579,impervious
580,forest
581,grass
582,forest
583,grass
584,forest
585,impervious
586,forest
587,farm
588,grass
589,grass
590,farm
591,forest
592,impervious
593,forest
594,forest
595,grass
596,forest
597,impervious
598,forest
599,farm
600,forest
601,impervious
602,water
603,grass
604,impervious
605,forest
606,impervious
607,farm
608,forest
609,farm
610,water
611,grass
612,grass
613,forest
614,forest
615,farm
616,grass
617,impervious
618,farm
619,water
620,grass
621,farm
622,impervious
623,forest
624,farm
625,water
626,forest
627,impervious
628,impervious
629,grass
630,grass
631,water
632,water
633,impervious
634,grass
635,grass
636,forest
637,forest
638,impervious
639,forest
640,impervious
641,forest
642,impervious
643,forest
644,forest
645,forest
646,impervious
647,farm
648,water
649,farm
650,farm
651,forest
652,forest
653,grass
654,forest
655,forest
656,water
657,forest
658,impervious
659,grass
660,forest
661,impervious
662,forest
663,farm
664,farm
665,grass
666,impervious
667,farm
668,forest
669,forest
670,forest
671,forest
672,forest
673,forest
674,impervious
675,grass
676,forest
677,grass
678,farm
679,forest
680,forest
681,forest
682,farm
683,forest
684,forest
685,farm
686,farm
687,forest
688,forest
689,forest
690,forest
691,impervious
692,forest
693,forest
694,farm
695,farm
696,impervious
697,forest
698,farm
699,forest
700,forest
701,forest
702,farm
703,forest
704,forest
705,impervious
706,forest
707,forest
708,forest
709,forest
710,farm
711,forest
712,forest
713,forest
714,forest
715,forest
716,forest
717,forest
718,forest
719,forest
720,grass
721,forest
722,farm
723,forest
724,forest
725,forest
726,impervious
727,forest
728,forest
729,forest
730,forest
731,impervious
732,forest
733,farm
734,forest
735,forest
736,water
737,forest
738,forest
739,forest
740,forest
741,forest
742,forest
743,forest
744,impervious
745,forest
746,forest
747,farm
748,forest
749,forest
750,farm
751,forest
752,forest
753,forest
754,forest
755,forest
756,forest
757,forest
758,forest
759,forest
760,impervious
761,forest
762,forest
763,forest
764,forest
765,forest
766,forest
767,forest
768,farm
769,forest
770,forest
771,forest
772,forest
773,forest
774,forest
775,farm
776,farm
777,impervious
778,forest
779,forest
780,forest
781,forest
782,impervious
783,water
784,forest
785,forest
786,forest
787,impervious
788,forest
789,impervious
790,forest
791,farm
792,forest
793,forest
794,forest
795,farm
796,forest
797,forest
798,forest
799,forest
800,forest
801,forest
802,forest
803,forest
804,forest
805,forest
806,forest
807,forest
808,forest
809,forest
810,farm
811,impervious
812,farm
813,forest
814,forest
815,forest
816,forest
817,farm
818,farm
819,forest
820,forest
821,forest
822,forest
823,forest
824,farm
825,forest
826,forest
827,forest
828,forest
829,forest
830,farm
831,forest
832,forest
833,impervious
834,impervious
835,forest
836,forest
837,impervious
838,forest
839,forest
840,forest
841,impervious
842,forest
843,forest
844,impervious
845,forest
846,impervious
847,forest
848,forest
849,farm
850,forest
851,forest
852,grass
853,forest
854,forest
855,forest
856,forest
857,forest
858,forest
859,water
860,forest
861,forest
862,forest
863,forest
864,farm
865,forest
866,forest
867,forest
868,forest
869,forest
870,forest
871,forest
872,farm
873,forest
874,farm
875,forest
876,forest
877,forest
878,farm
879,forest
880,farm
881,forest
882,forest
883,forest
884,forest
885,farm
886,water
887,forest
888,forest
889,forest
890,impervious
891,forest
892,forest
893,forest
894,water
895,forest
896,forest
897,forest
898,forest
899,forest
900,forest
901,forest
902,forest
903,forest
904,farm
905,forest
906,forest
907,forest
908,farm
909,forest
910,forest
911,forest
912,forest
913,forest
914,forest
915,forest
916,forest
917,forest
918,forest
919,forest
920,forest
921,forest
922,forest
923,forest
924,forest
925,impervious
926,forest
927,forest
928,forest
929,forest
930,forest
931,impervious
932,impervious
933,farm
934,forest
935,impervious
936,forest
937,forest
938,impervious
939,forest
940,forest
941,forest
942,forest
943,forest
944,forest
945,forest
946,farm
947,forest
948,forest
949,forest
950,forest
951,forest
952,forest
953,farm
954,forest
955,forest
956,forest
957,forest
958,forest
959,farm
960,farm
961,forest
962,grass
963,forest
964,impervious
965,forest
966,forest
967,forest
968,forest
969,forest
970,forest
971,forest
972,forest
973,forest
974,forest
975,forest
976,farm
977,forest
978,farm
979,impervious
980,farm
981,forest
982,forest
983,forest
984,forest
985,forest
986,forest
987,forest
988,forest
989,forest
990,impervious
991,farm
992,forest
993,forest
994,impervious
995,forest
996,forest
997,impervious
998,forest
999,forest
1000,forest
1001,forest
1002,forest
1003,forest
1004,forest
1005,forest
1006,impervious
1007,forest
1008,forest
1009,forest
1010,forest
1011,forest
1012,forest
1013,forest
1014,forest
1015,impervious
1016,forest
1017,forest
1018,forest
1019,forest
1020,forest
1021,forest
1022,farm
1023,forest
1024,forest
1025,farm
1026,impervious
1027,forest
1028,farm
1029,forest
1030,forest
1031,forest
1032,forest
1033,forest
1034,impervious
1035,forest
1036,farm
1037,forest
1038,forest
1039,forest
1040,impervious
1041,impervious
1042,forest
1043,forest
1044,forest
1045,forest
1046,forest
1047,forest
1048,impervious
1049,forest
1050,forest
1051,farm
1052,forest
1053,forest
1054,forest
1055,farm
1056,forest
1057,forest
1058,forest
1059,impervious
1060,farm
1061,forest
1062,forest
1063,forest
1064,forest
1065,forest
1066,impervious
1067,impervious
1068,forest
1069,farm
1070,forest
1071,forest
1072,forest
1073,farm
1074,forest
1075,forest
1076,impervious
1077,impervious
1078,forest
1079,forest
1080,forest
1081,forest
1082,forest
1083,forest
1084,impervious
1085,forest
1086,farm
1087,forest
1088,forest
1089,forest
1090,forest
1091,forest
1092,forest
1093,farm
1094,forest
1095,forest
1096,forest
1097,forest
1098,impervious
1099,forest
1100,impervious
1101,farm
1102,forest
1103,forest
1104,farm
1105,impervious
1106,farm
1107,farm
1108,forest
1109,farm
1110,impervious
1111,forest
1112,forest
1113,forest
1114,forest
1115,forest
1116,impervious
1117,forest
1118,forest
1119,forest
1120,forest
1121,forest
1122,forest
1123,forest
1124,forest
1125,forest
1126,forest
1127,forest
1128,forest
1129,forest
1130,forest
1131,forest
1132,forest
1133,forest
1134,forest
1135,impervious
1136,forest
1137,impervious
1138,farm
1139,forest
1140,farm
1141,forest
1142,forest
1143,forest
1144,forest
1145,forest
1146,farm
1147,forest
1148,forest
1149,impervious
1150,forest
1151,forest
1152,forest
1153,forest
1154,forest
1155,forest
1156,impervious
1157,forest
1158,forest
1159,farm
1160,forest
1161,forest
1162,forest
1163,forest
1164,forest
1165,forest
1166,forest
1167,forest
1168,forest
1169,farm
1170,forest
1171,forest
1172,forest
1173,forest
1174,forest
1175,impervious
1176,impervious
1177,forest
1178,forest
1179,forest
1180,forest
1181,forest
1182,forest
1183,forest
1184,farm
1185,grass
1186,forest
1187,forest
1188,forest
1189,forest
1190,forest
1191,forest
1192,forest
1193,forest
1194,forest
1195,forest
1196,forest
1197,forest
1198,forest
1199,forest
1200,forest
1201,farm
1202,forest
1203,forest
1204,forest
1205,forest
1206,farm
1207,forest
1208,forest
1209,forest
1210,forest
1211,forest
1212,forest
1213,forest
1214,forest
1215,impervious
1216,farm
1217,forest
1218,forest
1219,forest
1220,forest
1221,forest
1222,forest
1223,impervious
1224,forest
1225,forest
1226,impervious
1227,forest
1228,forest
1229,forest
1230,forest
1231,farm
1232,forest
1233,forest
1234,impervious
1235,forest
1236,forest
1237,forest
1238,forest
1239,impervious
1240,forest
1241,forest
1242,forest
1243,impervious
1244,impervious
1245,forest
1246,forest
1247,forest
1248,impervious
1249,forest
1250,forest
1251,forest
1252,forest
1253,forest
1254,forest
1255,forest
1256,forest
1257,forest
1258,forest
1259,forest
1260,farm
1261,forest
1262,farm
1263,forest
1264,forest
1265,forest
1266,forest
1267,forest
1268,impervious
1269,forest
1270,forest
1271,forest
1272,forest
1273,forest
1274,forest
1275,forest
1276,forest
1277,forest
1278,impervious
1279,forest
1280,forest
1281,forest
1282,forest
1283,forest
1284,forest
1285,forest
1286,forest
1287,forest
1288,forest
1289,forest
1290,forest
1291,forest
1292,forest
1293,forest
1294,forest
1295,forest
1296,forest
1297,forest
1298,forest
1299,forest
1300,forest
1301,forest
1302,forest
1303,forest
1304,forest
1305,farm
1306,forest
1307,forest
1308,forest
1309,impervious
1310,forest
1311,forest
1312,forest
1313,forest
1314,forest
1315,forest
1316,forest
1317,forest
1318,forest
1319,forest
1320,forest
1321,forest
1322,forest
1323,forest
1324,forest
1325,forest
1326,forest
1327,forest
1328,forest
1329,forest
1330,forest
1331,forest
1332,forest
1333,forest
1334,forest
1335,forest
1336,forest
1337,forest
1338,forest
1339,forest
1340,impervious
1341,forest
1342,forest
1343,forest
1344,forest
1345,forest
1346,forest
1347,forest
1348,forest
1349,forest
1350,forest
1351,forest
1352,forest
1353,forest
1354,forest
1355,forest
1356,forest
1357,forest
1358,forest
1359,forest
1360,forest
1361,forest
1362,forest
1363,forest
1364,forest
1365,forest
1366,forest
1367,forest
1368,forest
1369,forest
1370,forest
1371,forest
1372,forest
1373,forest
1374,forest
1375,forest
1376,forest
1377,forest
1378,forest
1379,forest
1380,forest
1381,forest
1382,forest
1383,forest
1384,forest
1385,forest
1386,forest
1387,farm
1388,forest
1389,forest
1390,forest
1391,forest
1392,forest
1393,forest
1394,forest
1395,forest
1396,forest
1397,forest
1398,forest
1399,forest
1400,forest
1401,forest
1402,forest
1403,forest
1404,forest
1405,forest
1406,forest
1407,forest
1408,forest
1409,forest
1410,forest
1411,forest
1412,forest
1413,farm
1414,forest
1415,forest
1416,forest
1417,forest
1418,forest
1419,forest
1420,forest
1421,forest
1422,forest
1423,forest
1424,forest
1425,forest
1426,forest
1427,forest
1428,forest
1429,forest
1430,forest
1431,forest
1432,forest
1433,forest
1434,forest
1435,forest
1436,forest
1437,forest
1438,forest
1439,forest
1440,forest
1441,forest
1442,forest
1443,forest
1444,forest
1445,forest
1446,forest
1447,forest
1448,forest
1449,forest
1450,forest
1451,forest
1452,forest
1453,forest
1454,forest
1455,forest
1456,forest
1457,forest
1458,forest
1459,forest
1460,forest
1461,forest
1462,forest
1463,forest
1464,forest
1465,forest
1466,impervious
1467,forest
1468,forest
1469,forest
1470,forest
1471,forest
1472,forest
1473,forest
1474,forest
1475,forest
1476,forest
1477,forest
1478,forest
1479,forest
1480,forest
1481,forest
1482,forest
1483,forest
1484,forest
1485,forest
1486,forest
1487,forest
1488,forest
1489,forest
1490,forest
1491,forest
1492,forest
1493,forest
1494,forest
1495,forest
1496,forest
1497,forest
1498,forest
1499,forest
1500,forest
1501,forest
1502,forest
1503,forest
1504,forest
1505,forest
1506,forest
1507,forest
1508,forest
1509,forest
1510,forest
1511,forest
1512,forest
1513,forest
1514,forest
1515,forest
1516,forest
1517,forest
1518,forest
1519,forest
1520,forest
1521,forest
1522,forest
1523,forest
1524,forest
1525,forest
1526,forest
1527,forest
1528,forest
1529,farm
1530,forest
1531,forest
1532,forest
1533,forest
1534,forest
1535,forest
1536,forest
1537,forest
1538,forest
1539,forest
1540,forest
1541,forest
1542,forest
1543,forest
1544,forest
1545,forest
1546,forest
1547,forest
1548,forest
1549,farm
1550,forest
1551,forest
1552,forest
1553,forest
1554,forest
1555,forest
1556,forest
1557,forest
1558,forest
1559,forest
1560,forest
1561,forest
1562,forest
1563,forest
1564,forest
1565,forest
1566,forest
1567,forest
1568,forest
1569,forest
1570,forest
1571,forest
1572,forest
1573,forest
1574,forest
1575,forest
1576,forest
1577,forest
1578,forest
1579,forest
1580,forest
1581,forest
1582,forest
1583,forest
1584,forest
1585,forest
1586,forest
1587,forest
1588,forest
1589,forest
1590,forest
1591,forest
1592,forest
1593,forest
1594,forest
1595,forest
1596,forest
1597,forest
1598,forest
1599,forest
1600,forest
1601,forest
1602,forest
1603,forest
1604,forest
1605,forest
1606,forest
1607,forest
1608,forest
1609,forest
1610,forest
1611,forest
1612,forest
1613,forest
1614,forest
1615,forest
1616,grass
1617,forest
1618,forest
1619,forest
1620,forest
1621,forest
1622,forest
1623,forest
1624,forest
1625,forest
1626,forest
1627,forest
1628,forest
1629,forest
1630,forest
1631,forest
1632,forest
1633,forest
1634,forest
1635,forest
1636,forest
1637,forest
1638,forest
1639,forest
1640,forest
1641,forest
1642,forest
1643,forest
1644,forest
1645,forest
1646,forest
1647,forest
1648,forest
1649,forest
1650,forest
1651,forest
1652,forest
1653,forest
1654,forest
1655,forest
1656,forest
1657,forest
1658,forest
1659,forest
1660,forest
1661,forest
1662,forest
1663,forest
1664,forest
1665,forest
1666,forest
1667,forest
1668,forest
1669,forest
1670,forest
1671,forest
1672,forest
1673,forest
1674,grass
1675,forest
1676,forest
1677,forest
1678,forest
1679,forest
1680,forest
1681,forest
1682,forest
1683,forest
1684,forest
1685,forest
1686,forest
1687,forest
1688,forest
1689,forest
1690,forest
1691,forest
1692,forest
1693,forest
1694,forest
1695,forest
1696,forest
1697,forest
1698,forest
1699,forest
1700,forest
1701,forest
1702,forest
1703,forest
1704,forest
1705,forest
1706,forest
1707,forest
1708,forest
1709,forest
1710,forest
1711,forest
1712,forest
1713,forest
1714,forest
1715,forest
1716,forest
1717,forest
1718,forest
1719,farm
1720,forest
1721,forest
1722,forest
1723,farm
1724,forest
1725,forest
1726,forest
1727,forest
1728,forest
1729,forest
1730,forest
1731,forest
1732,forest
1733,forest
1734,forest
1735,forest
1736,forest
1737,forest
1738,forest
1739,forest
1740,forest
1741,forest
1742,forest
1743,forest
1744,forest
1745,forest
1746,forest
1747,forest
1748,forest
1749,forest
1750,forest
1751,forest
1752,forest
1753,forest
1754,forest
1755,forest
1756,forest
1757,forest
1758,forest
1759,forest
1760,forest
1761,forest
1762,forest
1763,forest
1764,forest
1765,forest
1766,forest
1767,forest
1768,forest
1769,forest
1770,forest
1771,forest
1772,forest
1773,forest
1774,forest
1775,forest
1776,forest
1777,forest
1778,forest
1779,forest
1780,forest
1781,forest
1782,forest
1783,forest
1784,forest
1785,forest
1786,forest
1787,forest
1788,forest
1789,forest
1790,forest
1791,forest
1792,forest
1793,forest
1794,forest
1795,forest
1796,forest
1797,forest
1798,forest
1799,forest
1800,forest
1801,forest
1802,forest
1803,forest
1804,forest
1805,forest
1806,impervious
1807,forest
1808,forest
1809,forest
1810,forest
1811,forest
1812,forest
1813,forest
1814,forest
1815,forest
1816,forest
1817,forest
1818,forest
1819,forest
1820,forest
1821,forest
1822,forest
1823,forest
1824,forest
1825,forest
1826,forest
1827,forest
1828,forest
1829,forest
1830,forest
1831,forest
1832,forest
1833,forest
1834,forest
1835,forest
1836,impervious
1837,forest
1838,forest
1839,forest
1840,forest
1841,forest
1842,forest
1843,forest
1844,forest
1845,forest
1846,forest
1847,forest
1848,forest
1849,forest
1850,forest
1851,forest
1852,forest
1853,forest
1854,forest
1855,forest
1856,forest
1857,forest
1858,forest
1859,forest
1860,forest
1861,forest
1862,forest
1863,forest
1864,forest
1865,forest
1866,forest
1867,forest
1868,forest
1869,forest
1870,farm
1871,forest
1872,forest
1873,forest
1874,forest
1875,forest
1876,forest
1877,forest
1878,forest
1879,forest
1880,forest
1881,forest
1882,forest
1883,forest
1884,forest
1885,forest
1886,forest
1887,forest
1888,forest
1889,forest
1890,impervious
1891,forest
1892,forest
1893,forest
1894,forest
1895,forest
1896,forest
1897,forest
1898,forest
1899,forest
1900,forest
1901,forest
1902,forest
1903,forest
1904,forest
1905,forest
1906,forest
1907,forest
1908,forest
1909,forest
1910,forest
1911,forest
1912,forest
1913,forest
1914,forest
1915,forest
1916,forest
1917,forest
1918,forest
1919,forest
1920,forest
1921,forest
1922,forest
1923,forest
1924,forest
1925,forest
1926,forest
1927,forest
1928,forest
1929,forest
1930,forest
1931,forest
1932,forest
1933,forest
1934,forest
1935,forest
1936,forest
1937,forest
1938,forest
1939,forest
1940,forest
1941,forest
1942,forest
1943,forest
1944,forest
1945,forest
1946,forest
1947,forest
1948,forest
1949,forest
1950,forest
1951,forest
1952,forest
1953,forest
1954,forest
1955,forest
1956,forest
1957,forest
1958,forest
1959,forest
1960,forest
1961,forest
1962,forest
1963,forest
1964,forest
1965,forest
1966,forest
1967,forest
1968,forest
1969,forest
1970,forest
1971,forest
1972,forest
1973,forest
1974,forest
1975,forest
1976,forest
1977,forest
1978,forest
1979,forest
1980,forest
1981,forest
1982,forest
1983,forest
1984,forest
1985,forest
1986,forest
1987,forest
1988,forest
1989,forest
1990,forest
1991,forest
1992,forest
1993,forest
1994,forest
1995,forest
1996,forest
1997,forest
1998,forest
1999,forest
2000,forest
2001,forest
2002,forest
2003,forest
2004,forest
2005,forest
2006,forest
2007,forest
2008,forest
2009,forest
2010,forest
2011,forest
2012,forest
2013,forest
2014,forest
2015,forest
2016,forest
2017,forest
2018,forest
2019,forest
2020,forest
2021,forest
2022,forest
2023,forest
2024,forest
2025,forest
2026,forest
2027,forest
2028,forest
2029,forest
2030,forest
2031,forest
2032,forest
2033,forest
2034,forest
2035,forest
2036,forest
2037,forest
2038,forest
2039,forest
2040,forest
2041,forest
2042,forest
2043,forest
2044,forest
2045,forest
2046,forest
2047,forest
2048,forest
2049,forest
2050,forest
2051,forest
2052,forest
2053,forest
2054,forest
2055,forest
2056,forest
2057,forest
2058,forest
2059,forest
2060,forest
2061,forest
2062,forest
2063,forest
2064,forest
2065,forest
2066,forest
2067,forest
2068,forest
2069,forest
2070,forest
2071,forest
2072,forest
2073,forest
2074,forest
2075,forest
2076,forest
2077,forest
2078,forest
2079,forest
2080,forest
2081,forest
2082,impervious
2083,forest
2084,forest
2085,forest
2086,forest
2087,forest
2088,forest
2089,forest
2090,forest
2091,forest
2092,forest
2093,forest
2094,forest
2095,forest
2096,forest
2097,forest
2098,forest
2099,forest
2100,forest
2101,forest
2102,forest
2103,forest
2104,forest
2105,forest
2106,forest
2107,forest
2108,forest
2109,forest
2110,forest
2111,forest
2112,forest
2113,forest
2114,forest
2115,forest
2116,forest
2117,forest
2118,forest
2119,forest
2120,forest
2121,forest
2122,forest
2123,forest
2124,forest
2125,forest
2126,forest
2127,forest
2128,forest
2129,forest
2130,forest
2131,forest
2132,forest
2133,forest
2134,forest
2135,forest
2136,forest
2137,forest
2138,forest
2139,forest
2140,forest
2141,forest
2142,forest
2143,forest
2144,forest
2145,forest
2146,forest
2147,forest
2148,forest
2149,forest
2150,forest
2151,forest
2152,forest
2153,forest
2154,forest
2155,forest
2156,forest
2157,forest
2158,forest
2159,forest
2160,forest
2161,forest
2162,forest
2163,forest
2164,forest
2165,forest
2166,forest
2167,forest
2168,forest
2169,forest
2170,forest
2171,forest
2172,forest
2173,forest
2174,forest
2175,forest
2176,forest
2177,forest
2178,forest
2179,forest
2180,forest
2181,farm
2182,forest
2183,forest
2184,forest
2185,forest
2186,forest
2187,forest
2188,forest
2189,forest
2190,forest
2191,forest
2192,forest
2193,forest
2194,forest
2195,forest
2196,forest
2197,forest
2198,forest
2199,forest
2200,forest
2201,forest
2202,forest
2203,forest
2204,forest
2205,forest
2206,impervious
2207,forest
2208,forest
2209,forest
2210,forest
2211,forest
2212,forest
2213,forest
2214,forest
2215,forest
2216,forest
2217,forest
2218,forest
2219,forest
2220,forest
2221,forest
2222,forest
2223,forest
2224,forest
2225,forest
2226,forest
2227,forest
2228,forest
2229,forest
2230,forest
2231,forest
2232,forest
2233,forest
2234,forest
2235,forest
2236,forest
2237,forest
2238,forest
2239,forest
2240,forest
2241,forest
2242,forest
2243,forest
2244,forest
2245,forest
2246,forest
2247,forest
2248,forest
2249,forest
2250,impervious
2251,forest
2252,forest
2253,forest
2254,forest
2255,forest
2256,forest
2257,forest
2258,forest
2259,forest
2260,forest
2261,forest
2262,forest
2263,forest
2264,forest
2265,forest
2266,forest
2267,forest
2268,forest
2269,forest
2270,forest
2271,forest
2272,forest
2273,forest
2274,forest
2275,forest
2276,forest
2277,forest
2278,forest
2279,forest
2280,forest
2281,forest
2282,forest
2283,forest
2284,forest
2285,forest
2286,forest
2287,forest
2288,forest
2289,forest
2290,forest
2291,forest
2292,forest
2293,forest
2294,forest
2295,forest
2296,forest
2297,forest
2298,forest
2299,forest
2300,forest
2301,forest
2302,forest
2303,forest
2304,forest
2305,forest
2306,forest
2307,forest
2308,forest
2309,forest
2310,forest
2311,forest
2312,forest
2313,forest
2314,forest
2315,forest
2316,forest
2317,forest
2318,forest
2319,forest
2320,forest
2321,forest
2322,forest
2323,forest
2324,forest
2325,forest
2326,forest
2327,forest
2328,forest
2329,forest
2330,forest
2331,forest
2332,forest
2333,forest
2334,forest
2335,forest
2336,forest
2337,forest
2338,forest
2339,forest
2340,forest
2341,forest
2342,forest
2343,forest
2344,forest
2345,forest
2346,forest
2347,forest
2348,forest
2349,forest
2350,forest
2351,forest
2352,forest
2353,forest
2354,forest
2355,forest
2356,forest
2357,forest
2358,forest
2359,forest
2360,forest
2361,forest
2362,forest
2363,forest
2364,forest
2365,forest
2366,forest
2367,forest
2368,forest
2369,forest
2370,forest
2371,forest
2372,forest
2373,forest
2374,forest
2375,forest
2376,forest
2377,forest
2378,forest
2379,forest
2380,forest
2381,forest
2382,forest
2383,forest
2384,forest
2385,forest
2386,forest
2387,forest
2388,forest
2389,forest
2390,forest
2391,forest
2392,forest
2393,forest
2394,forest
2395,forest
2396,forest
2397,forest
2398,forest
2399,forest
2400,forest
2401,forest
2402,forest
2403,forest
2404,forest
2405,forest
2406,forest
2407,forest
2408,forest
2409,forest
2410,forest
2411,forest
2412,forest
2413,forest
2414,forest
2415,forest
2416,forest
2417,forest
2418,forest
2419,forest
2420,forest
2421,forest
2422,forest
2423,forest
2424,forest
2425,forest
2426,forest
2427,forest
2428,farm
2429,forest
2430,forest
2431,forest
2432,forest
2433,forest
2434,forest
2435,forest
2436,forest
2437,forest
2438,forest
2439,forest
2440,forest
2441,forest
2442,forest
2443,forest
2444,forest
2445,forest
2446,forest
2447,forest
2448,forest
2449,forest
2450,forest
2451,forest
2452,farm
2453,forest
2454,forest
2455,forest
2456,forest
2457,forest
2458,forest
2459,forest
2460,forest
2461,forest
2462,forest
2463,forest
2464,forest
2465,forest
2466,forest
2467,forest
2468,forest
2469,forest
2470,forest
2471,forest
2472,forest
2473,forest
2474,forest
2475,forest
2476,forest
2477,forest
2478,forest
2479,forest
2480,forest
2481,forest
2482,forest
2483,forest
2484,forest
2485,impervious
2486,forest
2487,forest
2488,forest
2489,forest
2490,forest
2491,farm
2492,forest
2493,forest
2494,forest
2495,forest
2496,forest
2497,forest
2498,forest
2499,forest
2500,forest
2501,forest
2502,forest
2503,forest
2504,forest
2505,forest
2506,forest
2507,forest
2508,forest
2509,forest
2510,forest
2511,forest
2512,forest
2513,forest
2514,forest
2515,forest
2516,forest
2517,forest
2518,forest
2519,forest
2520,forest
2521,forest
2522,forest
2523,forest
2524,forest
2525,forest
2526,forest
2527,forest
2528,forest
2529,forest
2530,forest
2531,forest
2532,forest
2533,forest
2534,forest
2535,forest
2536,forest
2537,forest
2538,forest
2539,forest
2540,forest
2541,forest
2542,forest
2543,forest
2544,forest
2545,forest
2546,water
2547,water
2548,water
2549,water
2550,water
2551,water
2552,forest
2553,impervious
2554,water
2555,water
2556,water
2557,water
2558,water
2559,water
2560,forest
2561,forest
2562,forest
2563,forest
2564,forest
2565,forest
2566,forest
2567,grass
2568,farm
2569,forest
2570,forest
2571,grass
2572,forest
2573,forest
2574,forest
2575,forest
2576,farm
2577,forest
2578,forest
2579,forest
2580,forest
2581,forest
2582,forest
2583,forest
2584,forest
2585,forest
2586,forest
2587,forest
2588,forest
2589,forest
2590,water
2591,forest
2592,water
2593,impervious
2594,grass
2595,forest
2596,forest
2597,forest
2598,forest
2599,forest
2600,water
2601,forest
2602,forest
2603,forest
2604,forest
2605,forest
2606,forest
2607,forest
2608,forest
2609,forest
2610,forest
2611,forest
2612,forest
2613,forest
2614,forest
2615,forest
2616,forest
2617,forest
2618,forest
2619,forest
2620,water
2621,water
2622,forest
2623,forest
2624,forest
2625,forest
2626,forest
2627,forest
2628,forest
2629,impervious
2630,forest
2631,forest
2632,forest
2633,forest
2634,forest
2635,forest
2636,forest
2637,forest
2638,water
2639,forest
2640,forest
2641,water
2642,forest
2643,forest
2644,forest
2645,forest
2646,forest
2647,forest
2648,impervious
2649,forest
2650,farm
2651,grass
2652,grass
2653,forest
2654,forest
2655,grass
2656,forest
2657,forest
2658,forest
2659,forest
2660,impervious
2661,forest
2662,forest
2663,forest
2664,forest
2665,forest
2666,farm
2667,forest
2668,forest
2669,forest
2670,forest
2671,forest
2672,forest
2673,forest
2674,forest
2675,forest
2676,forest
2677,farm
2678,forest
2679,forest
2680,forest
2681,forest
2682,forest
2683,forest
2684,forest
2685,forest
2686,forest
2687,forest
2688,forest
2689,impervious
2690,farm
2691,forest
2692,forest
2693,forest
2694,forest
2695,forest
2696,forest
2697,forest
2698,forest
2699,impervious
2700,forest
2701,forest
2702,forest
2703,forest
2704,forest
2705,forest
2706,forest
2707,farm
2708,forest
2709,forest
2710,forest
2711,impervious
2712,grass
2713,impervious
2714,grass
2715,forest
2716,forest
2717,forest
2718,forest
2719,farm
2720,forest
2721,forest
2722,forest
2723,forest
2724,forest
2725,forest
2726,forest
2727,forest
2728,forest
2729,forest
2730,forest
2731,forest
2732,forest
2733,forest
2734,forest
2735,forest
2736,forest
2737,forest
2738,forest
2739,forest
2740,forest
2741,forest
2742,forest
2743,forest
2744,forest
2745,forest
2746,forest
2747,forest
2748,forest
2749,forest
2750,forest
2751,forest
2752,forest
2753,farm
2754,forest
2755,grass
2756,forest
2757,forest
2758,forest
2759,forest
2760,forest
2761,farm
2762,farm
2763,forest
2764,farm
2765,water
2766,grass
2767,forest
2768,farm
2769,forest
2770,forest
2771,farm
2772,farm
2773,farm
2774,forest
2775,impervious
2776,forest
2777,forest
2778,forest
2779,forest
2780,forest
2781,forest
2782,forest
2783,forest
2784,grass
2785,forest
2786,forest
2787,forest
2788,forest
2789,forest
2790,forest
2791,forest
2792,forest
2793,forest
2794,forest
2795,forest
2796,forest
2797,forest
2798,forest
2799,forest
2800,forest
2801,forest
2802,grass
2803,grass
2804,forest
2805,forest
2806,forest
2807,forest
2808,forest
2809,forest
2810,forest
2811,forest
2812,forest
2813,forest
2814,forest
2815,forest
2816,forest
2817,forest
2818,forest
2819,forest
2820,forest
2821,grass
2822,forest
2823,forest
2824,water
2825,water
2826,water
2827,water
2828,water
2829,water
2830,water
2831,water
2832,water
2833,water
2834,water
2835,water
2836,water
2837,water
2838,water
2839,water
2840,water
2841,water
2842,water
2843,water
2844,water
2845,water
